id,first_name,last_name,email,gender,ip_address
1,Danya,Filov,dfilov0@nationalgeographic.com,Male,31.60.165.62
2,Kalina,Brookwood,kbrookwood1@angelfire.com,Female,187.140.111.215
3,La verne,Danielkiewicz,ldanielkiewicz2@purevolume.com,Female,8.212.57.101
4,Tessie,Livett,tlivett3@acquirethisname.com,Female,164.153.165.114
5,Carissa,Stut,cstut4@fastcompany.com,Female,191.107.252.176
6,Ariel,Mattioni,amattioni5@wordpress.com,Male,127.183.161.18
7,Paten,Yellop,pyellop6@bizjournals.com,Male,72.215.181.213
8,Tanhya,Phelip,tphelip7@yelp.com,Female,239.207.95.87
9,Dyann,Pietruszewicz,dpietruszewicz8@dyndns.org,Female,66.50.13.219
10,Saunder,Kollas,skollas9@flickr.com,Male,25.227.122.156
11,Zelma,Chaise,zchaisea@foxnews.com,Female,246.133.69.214
12,Ardisj,Waterworth,awaterworthb@upenn.edu,Female,98.86.253.8
13,Deni,Pasque,dpasquec@pcworld.com,Female,34.222.181.55
14,Otho,Curman,ocurmand@ucoz.com,Male,247.3.179.163
15,Letta,Causley,lcausleye@europa.eu,Female,126.123.219.174
16,Filbert,Brabender,fbrabenderf@bbc.co.uk,Male,230.166.22.137
17,Gerhardt,Sempill,gsempillg@apache.org,Male,223.99.113.110
18,Martelle,Tongue,mtongueh@google.nl,Female,127.11.135.19
19,Rachelle,Selburn,rselburni@buzzfeed.com,Female,236.34.16.26
20,Tybie,Robertsson,trobertssonj@state.tx.us,Female,242.95.137.0
21,Jermaine,Hattigan,jhattigank@360.cn,Male,95.235.13.84
22,Cammy,Scawen,cscawenl@posterous.com,Male,103.168.91.111
23,Arluene,Fenix,afenixm@rambler.ru,Female,94.186.141.77
24,Jessie,Delagnes,jdelagnesn@weather.com,Female,54.154.122.5
25,Everett,Fowgies,efowgieso@printfriendly.com,Male,253.133.85.53
26,Manya,Stoak,mstoakp@multiply.com,Female,113.91.209.111
27,Antonietta,Stebbings,astebbingsq@unicef.org,Female,230.85.31.166
28,Angelia,Alejandre,aalejandrer@bloomberg.com,Female,60.212.135.49
29,Stirling,Hastler,shastlers@state.tx.us,Male,69.76.106.34
30,Valentijn,Dillimore,vdillimoret@angelfire.com,Male,0.35.36.2
31,Cati,Wharin,cwharinu@w3.org,Female,55.162.97.48
32,Rhea,Kofax,rkofaxv@huffingtonpost.com,Female,162.100.12.1
33,Tamarra,Schimank,tschimankw@springer.com,Female,114.230.113.241
34,Archie,Spellman,aspellmanx@cdc.gov,Male,167.68.64.183
35,Nadya,Echalier,nechaliery@163.com,Female,169.220.65.60
36,King,Yexley,kyexleyz@mozilla.org,Male,249.74.57.194
37,Tybi,Pischof,tpischof10@macromedia.com,Female,96.198.90.236
38,Gipsy,Goody,ggoody11@odnoklassniki.ru,Female,149.226.119.56
39,Casper,Shipcott,cshipcott12@newsvine.com,Male,51.155.130.80
40,Olympe,Dearle-Palser,odearlepalser13@mapy.cz,Female,169.35.154.167
41,Tome,Bletsor,tbletsor14@slideshare.net,Male,63.44.253.239
42,Codee,Willoughby,cwilloughby15@cnn.com,Female,52.211.54.196
43,Charyl,Ivkovic,civkovic16@cbslocal.com,Female,35.1.52.172
44,Mathilde,Rossborough,mrossborough17@nih.gov,Female,125.99.48.156
45,Brennan,Galbraith,bgalbraith18@mysql.com,Male,63.88.152.110
46,Fleur,Avrahamof,favrahamof19@sciencedaily.com,Female,25.153.157.81
47,Cinderella,Votier,cvotier1a@biglobe.ne.jp,Female,203.229.118.81
48,Reiko,Pettyfer,rpettyfer1b@guardian.co.uk,Female,177.174.177.35
49,Jule,Guyon,jguyon1c@chicagotribune.com,Male,150.101.168.16
50,Luke,Cracoe,lcracoe1d@51.la,Male,40.128.230.208
51,Dwight,Grimbaldeston,dgrimbaldeston1e@themeforest.net,Male,41.187.60.216
52,Kata,Langcaster,klangcaster1f@instagram.com,Female,198.13.77.158
53,Johnathon,Herion,jherion1g@hubpages.com,Male,52.122.105.120
54,Ettore,Chasemoore,echasemoore1h@princeton.edu,Male,216.2.99.232
55,Helen-elizabeth,Cicco,hcicco1i@aol.com,Female,176.158.231.13
56,Justinian,Stoffer,jstoffer1j@columbia.edu,Male,57.206.221.230
57,Allix,Stonman,astonman1k@state.gov,Female,184.234.47.53
58,Glennis,Trevorrow,gtrevorrow1l@google.co.jp,Female,205.103.167.188
59,Cleveland,Halesworth,chalesworth1m@furl.net,Male,78.159.146.169
60,Pooh,Feckey,pfeckey1n@t.co,Male,72.142.176.21
61,Ninnetta,Atmore,natmore1o@homestead.com,Female,29.245.78.37
62,Cullie,Chivrall,cchivrall1p@craigslist.org,Male,236.254.220.219
63,Gerardo,Schaumann,gschaumann1q@vk.com,Male,116.142.49.64
64,Lorne,Keaveney,lkeaveney1r@blogger.com,Male,220.5.210.134
65,Leanna,Killiner,lkilliner1s@wix.com,Female,159.53.111.126
66,Josiah,Baldick,jbaldick1t@ucoz.ru,Male,9.116.171.71
67,Rosaleen,Thieme,rthieme1u@ca.gov,Female,250.58.135.114
68,Aeriell,Dukelow,adukelow1v@phoca.cz,Female,244.186.43.55
69,Selene,Scones,sscones1w@twitpic.com,Female,188.90.225.25
70,Gayle,Czyz,gczyz1x@vinaora.com,Female,116.54.123.114
71,Brietta,Klouz,bklouz1y@bizjournals.com,Female,113.252.239.101
72,Ilyssa,Bussen,ibussen1z@squidoo.com,Female,196.232.64.169
73,Benjamen,Vuitte,bvuitte20@wikimedia.org,Male,17.33.90.41
74,Perla,Mangenet,pmangenet21@shutterfly.com,Female,155.2.33.108
75,Jasun,Quinane,jquinane22@macromedia.com,Male,115.6.55.146
76,Christi,Coggen,ccoggen23@comsenz.com,Female,171.3.100.168
77,Kelli,Rountree,krountree24@salon.com,Female,24.31.122.52
78,Rolando,Kroon,rkroon25@princeton.edu,Male,112.177.201.115
79,Borden,MacLleese,bmaclleese26@ihg.com,Male,28.185.79.61
80,Arlina,Kinnier,akinnier27@engadget.com,Female,198.46.157.192
81,Amalea,Comelini,acomelini28@google.com,Female,73.67.48.96
82,Cyril,Ingles,cingles29@china.com.cn,Male,43.132.11.188
83,Eveleen,Gethouse,egethouse2a@goo.ne.jp,Female,229.182.58.174
84,Stevana,Monsey,smonsey2b@bigcartel.com,Female,139.65.108.5
85,Harlie,Antoszewski,hantoszewski2c@myspace.com,Female,159.164.194.111
86,Jessamyn,Hallifax,jhallifax2d@sogou.com,Female,205.20.168.238
87,Tedmund,Exeter,texeter2e@google.cn,Male,184.66.128.177
88,Trescha,Ruprich,truprich2f@digg.com,Female,96.63.165.217
89,Karon,Snare,ksnare2g@cloudflare.com,Female,186.10.11.1
90,Elise,Elfleet,eelfleet2h@hhs.gov,Female,83.31.118.81
91,Chrysler,Scoffins,cscoffins2i@histats.com,Female,15.10.86.199
92,Hendrick,Zettoi,hzettoi2j@economist.com,Male,151.152.200.244
93,Tito,Gilston,tgilston2k@google.de,Male,106.100.254.63
94,Conrado,Knappen,cknappen2l@wunderground.com,Male,80.247.172.192
95,Minni,Hicks,mhicks2m@uol.com.br,Female,26.13.96.233
96,Aymer,Moyers,amoyers2n@eventbrite.com,Male,28.79.52.112
97,Martina,Knok,mknok2o@goo.ne.jp,Female,142.212.43.32
98,Maribeth,Doull,mdoull2p@dailymail.co.uk,Female,198.59.142.224
99,Kaleena,Precious,kprecious2q@apple.com,Female,133.84.28.228
100,Bendicty,Wooller,bwooller2r@ftc.gov,Male,126.6.53.217
101,Gabriello,Faughnan,gfaughnan2s@hostgator.com,Male,172.30.14.133
102,Caryn,Cartlidge,ccartlidge2t@a8.net,Female,216.90.147.179
103,Harmony,Jahner,hjahner2u@statcounter.com,Female,115.123.83.113
104,Ara,Cisec,acisec2v@mysql.com,Female,21.196.67.148
105,Becky,Farnell,bfarnell2w@shutterfly.com,Female,43.28.189.34
106,Emilio,Thornewill,ethornewill2x@bloglovin.com,Male,30.40.174.155
107,Giulia,Scahill,gscahill2y@lycos.com,Female,193.188.47.171
108,Rudolfo,Tournie,rtournie2z@wikispaces.com,Male,2.139.152.167
109,Marve,Borgesio,mborgesio30@patch.com,Male,99.197.153.202
110,Merla,Wordington,mwordington31@timesonline.co.uk,Female,236.130.181.120
111,Corbin,Nangle,cnangle32@scribd.com,Male,12.8.24.56
112,Reidar,Sudran,rsudran33@chronoengine.com,Male,153.116.160.51
113,Joyan,Storrock,jstorrock34@nps.gov,Female,239.176.38.144
114,Valene,Stollwerk,vstollwerk35@china.com.cn,Female,27.7.1.248
115,Konrad,Spittles,kspittles36@economist.com,Male,247.250.124.100
116,Livy,Crim,lcrim37@ebay.co.uk,Female,121.86.23.75
117,Denver,Oag,doag38@tuttocitta.it,Male,38.97.214.219
118,Glory,Attow,gattow39@amazon.de,Female,252.209.42.191
119,Wanda,Albon,walbon3a@boston.com,Female,208.55.94.252
120,Leone,Murrie,lmurrie3b@berkeley.edu,Female,193.242.36.63
121,Titus,Ratke,tratke3c@odnoklassniki.ru,Male,58.199.197.83
122,Jeff,Cree,jcree3d@fc2.com,Male,237.220.38.50
123,Erina,Comber,ecomber3e@imdb.com,Female,225.51.255.13
124,Tilly,Bulloch,tbulloch3f@netvibes.com,Female,53.46.251.83
125,Bonnie,Priden,bpriden3g@hhs.gov,Female,21.211.39.173
126,Laurena,Niesel,lniesel3h@guardian.co.uk,Female,155.110.102.135
127,Kimbra,McCrainor,kmccrainor3i@imageshack.us,Female,161.87.184.132
128,Donnajean,Schild,dschild3j@shutterfly.com,Female,214.114.52.55
129,Laughton,Moncur,lmoncur3k@statcounter.com,Male,120.247.231.58
130,Lorin,McBrearty,lmcbrearty3l@fc2.com,Male,12.41.50.51
131,Marnia,Matten,mmatten3m@devhub.com,Female,207.105.33.96
132,Enoch,Schwandermann,eschwandermann3n@mayoclinic.com,Male,116.239.76.120
133,Marylee,Runnicles,mrunnicles3o@dagondesign.com,Female,237.59.99.170
134,Farris,Fone,ffone3p@pinterest.com,Male,219.64.179.50
135,Spencer,Rennenbach,srennenbach3q@yolasite.com,Male,201.25.121.41
136,Amery,Colby,acolby3r@archive.org,Male,86.255.189.102
137,Cecelia,Kearle,ckearle3s@bloomberg.com,Female,145.31.25.156
138,Jemimah,Tuckey,jtuckey3t@feedburner.com,Female,43.16.178.57
139,Norene,Bingell,nbingell3u@hugedomains.com,Female,47.126.30.171
140,Deane,Franzel,dfranzel3v@devhub.com,Female,233.171.242.252
141,Edythe,Callington,ecallington3w@freewebs.com,Female,99.187.40.56
142,Caro,Boyn,cboyn3x@google.es,Female,156.247.241.244
143,Abrahan,Lampens,alampens3y@slideshare.net,Male,41.92.189.106
144,Gar,Martinek,gmartinek3z@loc.gov,Male,196.8.231.141
145,Odie,Lincey,olincey40@fda.gov,Male,138.188.36.5
146,Spense,Secombe,ssecombe41@sohu.com,Male,66.123.65.143
147,Christie,Heck,check42@exblog.jp,Female,218.58.119.235
148,Cullin,Borrel,cborrel43@github.com,Male,38.149.73.41
149,Alidia,Pohling,apohling44@bloglines.com,Female,78.49.59.139
150,Trstram,Brunnen,tbrunnen45@baidu.com,Male,165.159.173.212
151,Corey,Noice,cnoice46@hp.com,Female,74.41.147.200
152,Barby,Dewhurst,bdewhurst47@gov.uk,Female,117.134.120.179
153,Jimmy,Arrighetti,jarrighetti48@surveymonkey.com,Male,61.96.70.135
154,Che,Schermick,cschermick49@g.co,Male,212.21.197.157
155,Milzie,Card,mcard4a@amazon.co.jp,Female,186.180.169.178
156,Egor,Middlemist,emiddlemist4b@unicef.org,Male,119.18.208.157
157,Lona,Minnis,lminnis4c@purevolume.com,Female,138.203.165.67
158,Iver,Mosdall,imosdall4d@4shared.com,Male,163.151.232.2
159,Merrie,Denslow,mdenslow4e@networksolutions.com,Female,58.250.2.52
160,Willie,Maughan,wmaughan4f@answers.com,Female,255.176.70.171
161,Trever,Podbury,tpodbury4g@nationalgeographic.com,Male,80.155.81.228
162,Kattie,Kaesmans,kkaesmans4h@squidoo.com,Female,135.216.223.100
163,Marie-ann,Griffe,mgriffe4i@census.gov,Female,24.108.46.146
164,Adams,Ashbridge,aashbridge4j@wikipedia.org,Male,131.189.192.38
165,Valentino,Stout,vstout4k@mapquest.com,Male,184.183.219.12
166,Vilma,Iremonger,viremonger4l@ow.ly,Female,90.200.215.233
167,Uta,Collins,ucollins4m@photobucket.com,Female,59.234.56.105
168,Grace,Caslin,gcaslin4n@narod.ru,Female,245.31.107.20
169,Lesya,Kreutzer,lkreutzer4o@w3.org,Female,229.255.156.5
170,Carey,Awdry,cawdry4p@slate.com,Female,7.72.111.191
171,Maurise,Sorby,msorby4q@spiegel.de,Male,20.123.101.169
172,Silvanus,Grigson,sgrigson4r@walmart.com,Male,100.108.141.62
173,Alwin,Mates,amates4s@shop-pro.jp,Male,175.101.75.177
174,Madelina,Haselwood,mhaselwood4t@hostgator.com,Female,184.76.41.29
175,Claudette,Pidgeon,cpidgeon4u@mysql.com,Female,143.123.6.136
176,Josefina,Fossord,jfossord4v@arstechnica.com,Female,71.129.25.106
177,Hieronymus,Pockey,hpockey4w@drupal.org,Male,87.96.189.129
178,Hanny,Weavers,hweavers4x@wikispaces.com,Female,216.140.177.208
179,Godfrey,McCullum,gmccullum4y@vk.com,Male,216.210.246.110
180,Ryon,Benedicte,rbenedicte4z@google.com,Male,33.29.218.74
181,Stearne,McPeice,smcpeice50@cbc.ca,Male,13.198.209.191
182,Germaine,Ipsgrave,gipsgrave51@canalblog.com,Male,87.120.99.244
183,Alexandre,Warboy,awarboy52@pinterest.com,Male,27.117.76.63
184,Tobe,Pimme,tpimme53@discuz.net,Female,127.117.68.225
185,Giraldo,Bettenay,gbettenay54@smugmug.com,Male,33.120.158.134
186,Branden,Mallam,bmallam55@google.co.jp,Male,189.181.77.0
187,Prent,Hoy,phoy56@com.com,Male,43.135.75.146
188,Filmer,Lowater,flowater57@printfriendly.com,Male,76.216.243.253
189,Marthena,Crow,mcrow58@ow.ly,Female,197.84.177.197
190,Sigfried,Keizman,skeizman59@earthlink.net,Male,241.143.192.208
191,Paten,Aleksidze,paleksidze5a@bbb.org,Male,4.227.111.79
192,Yankee,Beagles,ybeagles5b@google.fr,Male,208.174.101.141
193,Libby,Middleditch,lmiddleditch5c@ezinearticles.com,Female,31.195.36.172
194,Morgan,Colnett,mcolnett5d@prnewswire.com,Male,2.155.57.47
195,Jamil,Siddaley,jsiddaley5e@chronoengine.com,Male,98.212.166.239
196,Talia,Whawell,twhawell5f@hibu.com,Female,164.42.163.103
197,Ford,Gawn,fgawn5g@nifty.com,Male,45.38.222.185
198,Hollis,Chitter,hchitter5h@wufoo.com,Male,188.148.177.98
199,Kurtis,McAllester,kmcallester5i@tinyurl.com,Male,220.39.160.165
200,Donnell,Cammell,dcammell5j@csmonitor.com,Male,197.120.88.55
201,Winny,Franzolini,wfranzolini5k@usatoday.com,Male,164.162.15.34
202,Bertrand,Branney,bbranney5l@slashdot.org,Male,243.108.44.149
203,Zia,Lawranson,zlawranson5m@privacy.gov.au,Female,244.240.30.235
204,Donaugh,Gaydon,dgaydon5n@amazonaws.com,Male,25.208.107.250
205,Fidelio,Bercevelo,fbercevelo5o@etsy.com,Male,132.154.34.48
206,Maurita,Cubley,mcubley5p@livejournal.com,Female,199.230.41.90
207,Brigg,Wiggett,bwiggett5q@trellian.com,Male,102.248.198.157
208,Cammi,Gabler,cgabler5r@theglobeandmail.com,Female,190.191.102.101
209,Pierre,Eccersley,peccersley5s@hp.com,Male,88.151.162.158
210,Mortie,Guillond,mguillond5t@jigsy.com,Male,253.117.30.212
211,Herbert,Manoch,hmanoch5u@usgs.gov,Male,191.228.68.190
212,Jocelyn,De Angelis,jdeangelis5v@google.co.jp,Female,65.151.237.10
213,Waldon,Kinnier,wkinnier5w@blinklist.com,Male,71.214.229.154
214,Quinta,Portch,qportch5x@examiner.com,Female,30.209.21.62
215,Rodrick,Woodrow,rwoodrow5y@toplist.cz,Male,16.68.53.159
216,Faun,McGlaud,fmcglaud5z@cdbaby.com,Female,35.192.192.234
217,Derron,Eburne,deburne60@shinystat.com,Male,62.64.188.155
218,Amity,Wintle,awintle61@spotify.com,Female,162.205.204.188
219,Welby,Skpsey,wskpsey62@nifty.com,Male,17.13.231.224
220,Hazel,Millican,hmillican63@yandex.ru,Male,165.100.64.250
221,Alair,Eakin,aeakin64@digg.com,Male,32.85.190.45
222,Inessa,Cunney,icunney65@nps.gov,Female,109.66.237.36
223,Priscella,Bentote,pbentote66@tamu.edu,Female,244.64.126.229
224,Gideon,Giacobo,ggiacobo67@sohu.com,Male,13.14.216.21
225,Dyana,Meese,dmeese68@delicious.com,Female,127.247.158.135
226,Aland,Ruffles,aruffles69@indiatimes.com,Male,17.150.156.208
227,Torry,Holtaway,tholtaway6a@shinystat.com,Male,20.213.39.77
228,Druci,Marzello,dmarzello6b@storify.com,Female,151.130.63.135
229,Catherina,Brave,cbrave6c@buzzfeed.com,Female,72.244.164.192
230,Othilie,Kuzemka,okuzemka6d@indiegogo.com,Female,165.192.125.122
231,Myrlene,Bergeau,mbergeau6e@nsw.gov.au,Female,240.229.25.66
232,Constantia,Brownell,cbrownell6f@booking.com,Female,161.201.83.34
233,Ham,Philipps,hphilipps6g@dailymail.co.uk,Male,40.155.91.211
234,Rosmunda,Benda,rbenda6h@wired.com,Female,14.123.37.213
235,Nikkie,Mc Menamin,nmcmenamin6i@omniture.com,Female,138.192.118.217
236,Arel,Udy,audy6j@walmart.com,Male,6.101.245.76
237,Darlleen,Blount,dblount6k@nydailynews.com,Female,12.68.9.80
238,Jerrold,Ducroe,jducroe6l@hatena.ne.jp,Male,7.253.199.3
239,Gerald,Watchorn,gwatchorn6m@amazon.co.jp,Male,162.2.151.18
240,Perla,Prate,pprate6n@springer.com,Female,251.34.13.113
241,Asa,Reedy,areedy6o@addthis.com,Male,76.179.14.192
242,Max,Geerits,mgeerits6p@elpais.com,Male,168.253.97.108
243,Page,Leppard,pleppard6q@umich.edu,Female,244.0.204.151
244,Holly,Stanfield,hstanfield6r@reddit.com,Male,12.30.186.37
245,Clyve,Clifforth,cclifforth6s@aboutads.info,Male,155.162.243.131
246,Fleming,Redfern,fredfern6t@tripod.com,Male,129.165.125.104
247,Dona,Cockerton,dcockerton6u@baidu.com,Female,252.98.246.63
248,Hammad,Stenners,hstenners6v@irs.gov,Male,129.75.95.10
249,Mohammed,Anthoine,manthoine6w@noaa.gov,Male,136.50.20.68
250,Keen,Cloy,kcloy6x@ask.com,Male,7.217.31.64
251,Dani,Melvin,dmelvin6y@opera.com,Female,6.172.103.92
252,Dagny,Brushneen,dbrushneen6z@noaa.gov,Male,116.28.235.118
253,Annadiana,Reddington,areddington70@tiny.cc,Female,244.55.81.240
254,Antoinette,Caseri,acaseri71@house.gov,Female,151.211.46.107
255,Ives,Roland,iroland72@a8.net,Male,99.37.23.115
256,Branden,Wolver,bwolver73@flavors.me,Male,209.207.21.93
257,Lindy,Pilgrim,lpilgrim74@msn.com,Female,238.92.209.201
258,Roz,Eckly,reckly75@biglobe.ne.jp,Female,208.102.230.13
259,Gare,Hellier,ghellier76@hubpages.com,Male,163.255.28.206
260,Debbie,Dashkov,ddashkov77@cpanel.net,Female,34.104.203.174
261,Fidelio,Volk,fvolk78@illinois.edu,Male,199.56.202.225
262,Dania,Tustin,dtustin79@livejournal.com,Female,90.104.60.227
263,Carmencita,Humbee,chumbee7a@so-net.ne.jp,Female,156.14.179.79
264,Felice,Mityushin,fmityushin7b@answers.com,Female,108.215.216.193
265,Cyrill,Beal,cbeal7c@baidu.com,Male,79.132.103.11
266,Tiler,Cresser,tcresser7d@si.edu,Male,50.248.94.59
267,Tabina,Ertelt,tertelt7e@miibeian.gov.cn,Female,6.115.61.30
268,Alfy,Ingamells,aingamells7f@blogger.com,Male,12.207.20.174
269,Kassandra,Jannasch,kjannasch7g@amazon.de,Female,225.207.141.16
270,Marshal,Bennion,mbennion7h@unicef.org,Male,182.154.196.77
271,Thia,Cardenas,tcardenas7i@blog.com,Female,142.81.90.19
272,Winny,Tremellan,wtremellan7j@skyrock.com,Male,164.159.197.155
273,Carmelle,Tisun,ctisun7k@independent.co.uk,Female,103.139.190.255
274,Osbert,Bonus,obonus7l@dyndns.org,Male,36.99.169.252
275,Shane,Valois,svalois7m@sitemeter.com,Female,236.236.192.34
276,Eustacia,Widd,ewidd7n@pinterest.com,Female,137.42.240.247
277,Aryn,Laugherane,alaugherane7o@amazon.co.uk,Female,2.35.184.194
278,Car,Bruyett,cbruyett7p@hexun.com,Male,64.246.67.19
279,Jobye,MacMakin,jmacmakin7q@loc.gov,Female,33.76.180.10
280,Vina,Oakman,voakman7r@amazon.com,Female,87.53.152.137
281,Sidonia,Hebden,shebden7s@shutterfly.com,Female,25.220.109.250
282,Osbert,Shotboulte,oshotboulte7t@tinyurl.com,Male,242.42.27.42
283,Con,Maw,cmaw7u@bing.com,Female,122.37.207.200
284,Christoph,McMorran,cmcmorran7v@cbslocal.com,Male,219.100.4.106
285,Cecilio,Clabburn,cclabburn7w@senate.gov,Male,82.224.36.54
286,Merrill,Grealey,mgrealey7x@ft.com,Female,84.212.77.129
287,Bondon,Ridwood,bridwood7y@ebay.co.uk,Male,72.231.185.99
288,Corinna,Jendrusch,cjendrusch7z@cyberchimps.com,Female,175.18.93.187
289,Conchita,Boumphrey,cboumphrey80@wikispaces.com,Female,71.98.246.70
290,Fletcher,Battaille,fbattaille81@linkedin.com,Male,145.62.169.255
291,Dav,Scouller,dscouller82@csmonitor.com,Male,66.218.0.65
292,Dulci,Berrow,dberrow83@seesaa.net,Female,97.22.141.82
293,Hillyer,Glasper,hglasper84@github.io,Male,27.73.232.132
294,Constantine,Rothera,crothera85@opera.com,Male,35.31.64.86
295,Frederic,Santry,fsantry86@blog.com,Male,200.29.197.21
296,Kori,Eke,keke87@cornell.edu,Female,22.241.128.206
297,Emmott,Eaves,eeaves88@usatoday.com,Male,10.175.219.130
298,Cointon,Pickersgill,cpickersgill89@slideshare.net,Male,47.52.155.211
299,Cos,Baddam,cbaddam8a@wikispaces.com,Male,123.23.247.100
300,Ashlan,Wheelan,awheelan8b@examiner.com,Female,202.255.129.242
301,Felice,Sebrens,fsebrens8c@dot.gov,Female,230.190.92.82
302,Wyatan,Braun,wbraun8d@imgur.com,Male,86.238.101.218
303,Katherine,Margetts,kmargetts8e@state.tx.us,Female,196.50.241.196
304,Abigail,Pickerell,apickerell8f@jimdo.com,Female,194.94.7.70
305,Pietrek,Martins,pmartins8g@exblog.jp,Male,53.59.71.154
306,Field,De Normanville,fdenormanville8h@auda.org.au,Male,238.182.25.156
307,Benetta,Fursse,bfursse8i@mlb.com,Female,100.39.170.245
308,Romonda,Atack,ratack8j@1688.com,Female,238.195.217.137
309,Dewie,Dmitrovic,ddmitrovic8k@cbc.ca,Male,0.114.150.138
310,Meriel,Gobell,mgobell8l@macromedia.com,Female,117.236.138.63
311,Dorine,Haxley,dhaxley8m@tinypic.com,Female,43.90.216.79
312,Kally,Worner,kworner8n@ebay.co.uk,Female,72.235.100.44
313,Maxie,Measor,mmeasor8o@mail.ru,Male,238.223.28.197
314,Base,Hayer,bhayer8p@amazon.co.uk,Male,36.138.238.66
315,Mile,Dominguez,mdominguez8q@tamu.edu,Male,224.1.173.192
316,Timotheus,Pennetta,tpennetta8r@skype.com,Male,242.171.143.173
317,Knox,Mirrlees,kmirrlees8s@nps.gov,Male,96.7.78.56
318,Culley,Mounsie,cmounsie8t@acquirethisname.com,Male,97.228.37.209
319,Gottfried,Brute,gbrute8u@last.fm,Male,159.40.80.94
320,Kristal,Colclough,kcolclough8v@fc2.com,Female,139.187.115.43
321,Carola,Sedman,csedman8w@altervista.org,Female,37.207.228.202
322,Bathsheba,Grasha,bgrasha8x@berkeley.edu,Female,120.52.141.102
323,Dill,Conry,dconry8y@fc2.com,Male,189.90.44.163
324,Cristobal,Stebbins,cstebbins8z@livejournal.com,Male,248.219.149.164
325,Denna,Pollicott,dpollicott90@ted.com,Female,169.123.130.144
326,Salvidor,Davenell,sdavenell91@cpanel.net,Male,0.43.57.155
327,Davon,Melbury,dmelbury92@blogger.com,Male,180.249.91.159
328,Mathian,Van Bruggen,mvanbruggen93@163.com,Male,143.151.147.238
329,Nickola,Somner,nsomner94@yahoo.co.jp,Male,69.140.229.75
330,Janeczka,O' Mulderrig,jomulderrig95@bbc.co.uk,Female,28.38.53.187
331,Renie,Steen,rsteen96@blogspot.com,Female,217.94.88.72
332,Gawen,Goseling,ggoseling97@ed.gov,Male,137.98.103.119
333,Sharai,Van Saltsberg,svansaltsberg98@wordpress.com,Female,177.2.94.65
334,Jolie,Scedall,jscedall99@loc.gov,Female,203.171.189.34
335,Abbie,McNeish,amcneish9a@themeforest.net,Male,45.88.173.223
336,Hyman,Dibbert,hdibbert9b@ucoz.com,Male,84.224.152.111
337,Dita,Radmer,dradmer9c@nytimes.com,Female,198.121.166.125
338,Nadeen,Janowski,njanowski9d@google.co.uk,Female,8.30.79.33
339,Bartholomew,Pifford,bpifford9e@cnbc.com,Male,61.31.170.111
340,Karl,Bancroft,kbancroft9f@icio.us,Male,121.23.116.127
341,Tabbi,Tremmel,ttremmel9g@yolasite.com,Female,143.112.40.14
342,Willow,Woolford,wwoolford9h@telegraph.co.uk,Female,50.150.21.176
343,Shay,Sisnett,ssisnett9i@yellowpages.com,Male,153.191.120.177
344,Jodi,Lanfere,jlanfere9j@stanford.edu,Female,6.253.209.81
345,June,Tison,jtison9k@hc360.com,Female,46.25.57.154
346,Gerrard,Greader,ggreader9l@wikimedia.org,Male,70.176.82.178
347,Emelyne,Oxnam,eoxnam9m@economist.com,Female,83.87.110.155
348,Chris,Wheway,cwheway9n@tumblr.com,Male,7.97.55.65
349,Gilbertina,Sambals,gsambals9o@sfgate.com,Female,5.25.189.191
350,Adi,Garnam,agarnam9p@bravesites.com,Female,133.5.27.208
351,Bogey,Fawley,bfawley9q@blogtalkradio.com,Male,7.117.110.121
352,Darrelle,Stryde,dstryde9r@netvibes.com,Female,63.131.240.150
353,Benedetto,Bulbeck,bbulbeck9s@shinystat.com,Male,174.228.3.129
354,Galina,Heistermann,gheistermann9t@flickr.com,Female,236.253.93.86
355,Dixie,Skade,dskade9u@jugem.jp,Female,189.120.34.175
356,Linoel,Kopisch,lkopisch9v@google.com.hk,Male,152.179.51.244
357,Karia,Mottley,kmottley9w@free.fr,Female,135.248.101.140
358,Sky,Stiffell,sstiffell9x@pagesperso-orange.fr,Male,3.67.244.160
359,Candis,Farnish,cfarnish9y@wix.com,Female,88.212.107.190
360,Neile,Besset,nbesset9z@sun.com,Female,65.105.208.67
361,Gary,Carnihan,gcarnihana0@reverbnation.com,Male,178.104.199.69
362,Alwin,Testin,atestina1@parallels.com,Male,86.39.169.14
363,Angelita,Borlease,aborleasea2@epa.gov,Female,229.254.143.92
364,Bancroft,Fairpo,bfairpoa3@yale.edu,Male,87.249.25.124
365,Gery,Banford,gbanforda4@clickbank.net,Male,43.11.206.59
366,Foss,Rough,frougha5@shinystat.com,Male,208.134.109.1
367,Ronny,Pilley,rpilleya6@youku.com,Male,50.86.53.124
368,Wendye,Jepson,wjepsona7@nationalgeographic.com,Female,160.182.253.186
369,Rowena,Vaskov,rvaskova8@wisc.edu,Female,199.215.137.170
370,Keir,Corrie,kcorriea9@ft.com,Male,50.233.106.167
371,Lorne,Sellors,lsellorsaa@wunderground.com,Male,109.252.17.82
372,Inger,Drees,idreesab@walmart.com,Male,121.149.96.26
373,Shana,Mcettrick,smcettrickac@symantec.com,Female,105.177.117.245
374,Carin,Flinders,cflindersad@comsenz.com,Female,198.221.47.8
375,Abramo,Huntley,ahuntleyae@amazon.de,Male,149.144.225.118
376,Gregg,Pinar,gpinaraf@webnode.com,Male,246.231.167.189
377,Clare,Hulcoop,chulcoopag@plala.or.jp,Male,206.98.249.28
378,Bronson,Loveridge,bloveridgeah@ovh.net,Male,147.94.119.155
379,Adel,Nicolson,anicolsonai@archive.org,Female,157.35.9.33
380,Kaine,Grossman,kgrossmanaj@nationalgeographic.com,Male,65.155.217.78
381,Pooh,Nesbeth,pnesbethak@paginegialle.it,Male,221.75.33.99
382,Daryl,Adrien,dadrienal@washingtonpost.com,Female,221.147.111.7
383,Jeannette,Paddie,jpaddieam@ask.com,Female,34.115.4.137
384,Vivianna,Upstell,vupstellan@sfgate.com,Female,114.227.209.160
385,Paola,McQuaker,pmcquakerao@imdb.com,Female,193.215.102.127
386,Mab,Espasa,mespasaap@senate.gov,Female,235.152.0.198
387,Rudie,Bene,rbeneaq@ning.com,Male,106.169.190.172
388,Hatty,Menaul,hmenaular@hao123.com,Female,176.178.225.194
389,Dara,Chisnall,dchisnallas@aol.com,Female,247.22.205.242
390,Charlie,Dayborne,cdayborneat@tinypic.com,Male,145.255.237.173
391,Ernie,Goulbourne,egoulbourneau@gov.uk,Male,134.77.176.86
392,Derron,Caudell,dcaudellav@mediafire.com,Male,214.114.235.162
393,Saxe,Regus,sregusaw@disqus.com,Male,254.135.159.81
394,Mordy,Yeell,myeellax@kickstarter.com,Male,217.216.45.227
395,Eadmund,O'Bradane,eobradaneay@pagesperso-orange.fr,Male,160.75.188.248
396,Woodrow,Moniker,wmonikeraz@wired.com,Male,19.158.3.135
397,Carolann,Pleat,cpleatb0@bloglovin.com,Female,160.120.192.50
398,Monroe,Scotti,mscottib1@gizmodo.com,Male,236.71.14.80
399,Daren,Vaen,dvaenb2@fema.gov,Male,216.186.59.109
400,Demetri,Zorzenoni,dzorzenonib3@lulu.com,Male,33.155.137.107
401,Modesty,Ragles,mraglesb4@archive.org,Female,58.187.7.218
402,Codi,Terbruggen,cterbruggenb5@cisco.com,Female,54.235.27.77
403,Steve,Ferrers,sferrersb6@digg.com,Male,229.233.124.116
404,Darleen,Caps,dcapsb7@bigcartel.com,Female,218.122.113.108
405,Raleigh,Vannuccinii,rvannucciniib8@meetup.com,Male,27.164.52.169
406,Anne-corinne,MacGille,amacgilleb9@surveymonkey.com,Female,132.32.202.120
407,Sherrie,Kaine,skaineba@senate.gov,Female,76.235.124.78
408,Tades,Leverentz,tleverentzbb@acquirethisname.com,Male,31.82.150.170
409,Bald,McMurrugh,bmcmurrughbc@tripod.com,Male,214.61.226.110
410,Bryana,Cumbers,bcumbersbd@scientificamerican.com,Female,240.92.148.239
411,Franklyn,Chatres,fchatresbe@jalbum.net,Male,143.125.252.164
412,Darcey,Hug,dhugbf@ox.ac.uk,Female,23.58.72.112
413,Carmine,Mattosoff,cmattosoffbg@weather.com,Male,70.239.47.240
414,Petrina,DelaField,pdelafieldbh@360.cn,Female,66.141.230.13
415,Sydelle,MacAlpine,smacalpinebi@soundcloud.com,Female,37.92.76.125
416,Guendolen,MacClinton,gmacclintonbj@odnoklassniki.ru,Female,244.23.179.236
417,Adella,Pimm,apimmbk@liveinternet.ru,Female,93.51.80.236
418,Timothee,Soughton,tsoughtonbl@nationalgeographic.com,Male,40.45.100.48
419,Norry,Ennor,nennorbm@aol.com,Male,236.163.114.205
420,Sheffie,McErlaine,smcerlainebn@ehow.com,Male,213.98.227.112
421,Nadeen,Badam,nbadambo@cbc.ca,Female,52.68.252.62
422,Cord,Sloley,csloleybp@networkadvertising.org,Male,253.21.145.17
423,Chev,Witterick,cwitterickbq@oakley.com,Male,68.133.108.117
424,Putnam,Ferreres,pferreresbr@netlog.com,Male,77.150.35.185
425,Sibley,Bern,sbernbs@wordpress.com,Female,73.42.234.74
426,Romeo,Dursley,rdursleybt@yandex.ru,Male,196.114.44.102
427,Grenville,Wallen,gwallenbu@geocities.jp,Male,218.127.202.177
428,Carleton,Jaslem,cjaslembv@example.com,Male,2.255.115.36
429,Brigg,Henrie,bhenriebw@bluehost.com,Male,41.180.142.44
430,Alfy,Bonniface,abonnifacebx@hp.com,Female,138.180.189.247
431,Noach,Gledstane,ngledstaneby@tamu.edu,Male,33.233.211.86
432,Raf,Padkin,rpadkinbz@netlog.com,Female,185.49.42.115
433,Blondie,Hawick,bhawickc0@sfgate.com,Female,122.89.199.222
434,Tarra,McLaine,tmclainec1@google.fr,Female,139.87.162.51
435,Candi,Bantham,cbanthamc2@dailymail.co.uk,Female,158.144.213.23
436,Dionysus,Pockey,dpockeyc3@mac.com,Male,235.203.244.247
437,Lesli,Hargess,lhargessc4@ftc.gov,Female,184.184.225.154
438,Jsandye,Bosward,jboswardc5@miibeian.gov.cn,Female,32.176.40.219
439,Winne,Condliffe,wcondliffec6@csmonitor.com,Female,204.243.43.155
440,Kerrill,Cockman,kcockmanc7@washington.edu,Female,197.134.19.201
441,Mari,Gullick,mgullickc8@chicagotribune.com,Female,120.17.40.39
442,Electra,Feldmesser,efeldmesserc9@globo.com,Female,79.223.241.207
443,Britta,Iori,biorica@amazon.co.uk,Female,218.47.57.247
444,Care,Lewnden,clewndencb@desdev.cn,Male,105.187.121.56
445,Cecily,Childerley,cchilderleycc@furl.net,Female,29.30.168.10
446,Bee,Trasler,btraslercd@bing.com,Female,111.71.192.233
447,Hamid,Werner,hwernerce@dmoz.org,Male,67.38.162.226
448,Riki,Ciccottio,rciccottiocf@virginia.edu,Female,22.56.16.87
449,Querida,McLukie,qmclukiecg@w3.org,Female,118.56.140.47
450,Zane,Rosen,zrosench@google.com,Male,142.232.132.80
451,Evelyn,Radcliffe,eradcliffeci@patch.com,Male,95.21.171.49
452,Blancha,Grebbin,bgrebbincj@zimbio.com,Female,170.211.81.169
453,Vyky,Vigours,vvigoursck@histats.com,Female,149.47.253.119
454,Marnia,Gilston,mgilstoncl@aboutads.info,Female,189.67.51.172
455,Ivan,Neasam,ineasamcm@ow.ly,Male,2.155.95.110
456,Clarette,Raubenheimer,craubenheimercn@berkeley.edu,Female,174.253.71.207
457,Leora,Killwick,lkillwickco@nifty.com,Female,194.14.31.171
458,Dan,Klauber,dklaubercp@java.com,Male,82.121.154.252
459,Dulcy,Grivori,dgrivoricq@oaic.gov.au,Female,235.188.121.80
460,Sondra,Windus,swinduscr@examiner.com,Female,90.203.12.220
461,Barnebas,Hatje,bhatjecs@booking.com,Male,214.106.153.63
462,Klarika,McGilvray,kmcgilvrayct@independent.co.uk,Female,151.238.81.196
463,Flori,Chapier,fchapiercu@squarespace.com,Female,176.174.57.19
464,Taffy,De Rechter,tderechtercv@blogtalkradio.com,Female,55.223.187.154
465,Mickie,Arstall,marstallcw@howstuffworks.com,Male,246.2.214.23
466,Aldridge,Offner,aoffnercx@wired.com,Male,83.3.113.14
467,Douglas,Di Carli,ddicarlicy@fc2.com,Male,253.64.246.173
468,Eran,John,ejohncz@reverbnation.com,Female,65.103.203.73
469,Francene,Shorton,fshortond0@weibo.com,Female,44.73.227.42
470,Rice,Stefi,rstefid1@java.com,Male,98.38.231.134
471,Darrin,Earngy,dearngyd2@list-manage.com,Male,146.247.75.229
472,Stanleigh,Wrate,swrated3@hostgator.com,Male,39.20.25.225
473,Moria,Lismer,mlismerd4@lulu.com,Female,7.19.126.36
474,Whitman,Davidof,wdavidofd5@oaic.gov.au,Male,12.176.74.32
475,Christophe,Faraday,cfaradayd6@statcounter.com,Male,216.173.103.35
476,Cyril,Hume,chumed7@constantcontact.com,Male,108.84.29.100
477,Kary,Rix,krixd8@studiopress.com,Female,183.128.156.146
478,Gabriella,Summerley,gsummerleyd9@mapy.cz,Female,109.28.137.231
479,Winfred,Jarratt,wjarrattda@t-online.de,Male,96.21.243.94
480,Brian,Batchelour,bbatchelourdb@wunderground.com,Male,41.48.23.65
481,Bud,Doers,bdoersdc@github.io,Male,167.89.74.7
482,Krishna,Taw,ktawdd@usgs.gov,Male,237.236.206.66
483,Dulce,Lindeboom,dlindeboomde@w3.org,Female,218.188.51.86
484,Kelli,Kinze,kkinzedf@shareasale.com,Female,169.42.212.228
485,Kennie,Losebie,klosebiedg@shinystat.com,Male,238.188.208.232
486,Fin,Servante,fservantedh@gravatar.com,Male,116.196.77.19
487,Milo,Hakeworth,mhakeworthdi@weibo.com,Male,46.171.161.150
488,Major,Sabey,msabeydj@unc.edu,Male,52.166.226.231
489,Rriocard,Tattersill,rtattersilldk@angelfire.com,Male,18.239.236.73
490,Wyndham,Roake,wroakedl@cloudflare.com,Male,154.69.196.124
491,Lamar,Askaw,laskawdm@apple.com,Male,116.141.7.193
492,Tiffany,Back,tbackdn@nasa.gov,Female,139.0.132.214
493,Lizette,Kollaschek,lkollaschekdo@sciencedaily.com,Female,139.240.245.77
494,Neysa,Dach,ndachdp@mediafire.com,Female,20.252.237.103
495,Gayle,Gross,ggrossdq@cbc.ca,Female,241.137.110.142
496,Pascale,Judkins,pjudkinsdr@hud.gov,Male,101.180.26.132
497,Dorey,Stoddard,dstoddardds@bandcamp.com,Male,132.44.223.141
498,Emory,Blissitt,eblissittdt@amazon.com,Male,0.34.105.172
499,Allsun,Firman,afirmandu@a8.net,Female,252.157.235.237
500,Jorgan,Feirn,jfeirndv@netlog.com,Male,31.209.0.142
501,Sadye,Nolton,snoltondw@seattletimes.com,Female,7.229.183.199
502,Vick,Dudlestone,vdudlestonedx@people.com.cn,Male,139.106.54.240
503,Carley,Poinsett,cpoinsettdy@telegraph.co.uk,Female,149.68.56.0
504,Godfree,Marron,gmarrondz@linkedin.com,Male,86.95.127.92
505,Freddie,Lindstrom,flindstrome0@ebay.com,Female,7.196.67.142
506,Emerson,Gillean,egilleane1@ed.gov,Male,237.241.139.78
507,Wylma,Shorey,wshoreye2@comsenz.com,Female,155.145.42.171
508,Meredith,Aksell,makselle3@macromedia.com,Male,48.190.106.75
509,Delphine,Hannaford,dhannaforde4@blogspot.com,Female,61.44.189.169
510,Bernardo,Hurtado,bhurtadoe5@github.io,Male,121.205.71.101
511,Hercule,Coll,hcolle6@whitehouse.gov,Male,123.145.235.93
512,Agnes,Deniso,adenisoe7@cafepress.com,Female,100.23.120.252
513,Clair,Dumbrill,cdumbrille8@huffingtonpost.com,Female,58.159.225.105
514,Judy,Shildrick,jshildricke9@amazon.co.uk,Female,195.139.6.83
515,Loraine,Snawdon,lsnawdonea@oaic.gov.au,Female,91.78.177.172
516,Lucilia,Dellenbrok,ldellenbrokeb@amazon.com,Female,163.132.184.218
517,Wallace,Lanbertoni,wlanbertoniec@facebook.com,Male,140.11.161.68
518,Annette,Northcote,anorthcoteed@bloomberg.com,Female,113.29.179.114
519,Atalanta,Petrus,apetrusee@typepad.com,Female,106.49.252.193
520,Giuseppe,Barta,gbartaef@sbwire.com,Male,93.83.254.179
521,Karla,Greatland,kgreatlandeg@netlog.com,Female,179.232.155.3
522,Donella,Cullity,dcullityeh@uiuc.edu,Female,252.85.192.127
523,Tove,Heliot,theliotei@google.co.jp,Female,125.219.48.203
524,Ariella,Petran,apetranej@yellowbook.com,Female,99.165.166.179
525,Dwight,Crady,dcradyek@goo.ne.jp,Male,26.212.134.11
526,Ignazio,McIlrath,imcilrathel@webmd.com,Male,246.13.186.47
527,Clary,Arundel,carundelem@pbs.org,Female,20.149.208.128
528,Jone,Sinnock,jsinnocken@ted.com,Male,234.175.250.210
529,Keriann,Parrish,kparrisheo@china.com.cn,Female,140.229.153.39
530,Spense,Gorhardt,sgorhardtep@admin.ch,Male,30.41.69.130
531,Gabriela,Pimmocke,gpimmockeeq@ocn.ne.jp,Female,165.84.86.164
532,Emelen,Lawless,elawlesser@storify.com,Male,75.168.215.206
533,Salomo,Baline,sbalinees@mlb.com,Male,2.186.200.101
534,Tedmund,Rennolds,trennoldset@dell.com,Male,216.3.141.23
535,Filide,Churchward,fchurchwardeu@wsj.com,Female,92.208.38.93
536,Fara,Mulqueeny,fmulqueenyev@tinyurl.com,Female,128.74.220.172
537,Cherish,Antoniazzi,cantoniazziew@bandcamp.com,Female,14.2.173.160
538,Dallas,Focke,dfockeex@foxnews.com,Female,18.83.82.238
539,Ellerey,Restill,erestilley@google.com.br,Male,40.34.100.3
540,Burnard,Wittleton,bwittletonez@google.es,Male,173.37.207.198
541,Tris,Brockhurst,tbrockhurstf0@google.com.au,Male,198.39.173.69
542,Nester,Brech,nbrechf1@infoseek.co.jp,Male,195.68.125.179
543,Granville,Gartside,ggartsidef2@jugem.jp,Male,84.15.120.246
544,Abie,Hasell,ahasellf3@cornell.edu,Male,137.2.250.111
545,Archibald,Balloch,aballochf4@soup.io,Male,237.182.52.183
546,Brittney,Elliston,bellistonf5@nyu.edu,Female,174.150.38.28
547,Conrade,Annion,cannionf6@fda.gov,Male,79.243.90.251
548,Salvatore,Romme,srommef7@google.com.au,Male,140.45.78.17
549,Dorita,Writer,dwriterf8@pinterest.com,Female,98.224.5.110
550,Joellyn,Creeber,jcreeberf9@who.int,Female,229.11.7.226
551,Bobine,Beaston,bbeastonfa@usa.gov,Female,126.17.141.118
552,Elijah,Angless,eanglessfb@noaa.gov,Male,63.149.87.100
553,Boone,Huzzey,bhuzzeyfc@wiley.com,Male,166.63.78.32
554,Aprilette,Hoff,ahofffd@toplist.cz,Female,25.117.95.79
555,Johnnie,Huge,jhugefe@mozilla.org,Male,12.78.150.93
556,Marius,Girardez,mgirardezff@nature.com,Male,113.60.142.62
557,Brian,Cluelow,bcluelowfg@usnews.com,Male,12.108.58.154
558,Prent,Garford,pgarfordfh@webs.com,Male,125.75.229.13
559,Kial,Shipperbottom,kshipperbottomfi@pagesperso-orange.fr,Female,47.169.128.246
560,Barde,Johannes,bjohannesfj@gmpg.org,Male,155.218.104.70
561,Dona,Lammerich,dlammerichfk@barnesandnoble.com,Female,6.46.203.221
562,Ertha,Rollingson,erollingsonfl@parallels.com,Female,169.21.249.137
563,Jacquetta,Broadberry,jbroadberryfm@businesswire.com,Female,214.101.194.190
564,Torrey,Warbrick,twarbrickfn@arizona.edu,Male,161.26.121.167
565,Bria,Boik,bboikfo@cocolog-nifty.com,Female,59.97.38.149
566,Gizela,Gallamore,ggallamorefp@ucoz.com,Female,81.248.25.10
567,Terence,Fullwood,tfullwoodfq@wsj.com,Male,66.232.63.254
568,Lexi,Pawelek,lpawelekfr@posterous.com,Female,102.134.33.219
569,Bradley,Le Frank,blefrankfs@oakley.com,Male,209.200.219.249
570,Westley,Ragdale,wragdaleft@independent.co.uk,Male,120.155.26.146
571,Geoffry,Sebire,gsebirefu@craigslist.org,Male,223.49.34.165
572,Carlie,Vittori,cvittorifv@illinois.edu,Female,223.79.177.96
573,Charley,Fallows,cfallowsfw@bbb.org,Male,198.84.206.199
574,Tris,Litster,tlitsterfx@va.gov,Male,175.214.114.116
575,Kennan,Dairton,kdairtonfy@themeforest.net,Male,183.233.154.210
576,Edwin,Bourthouloume,ebourthouloumefz@hatena.ne.jp,Male,33.60.177.166
577,Julia,Burkart,jburkartg0@jimdo.com,Female,205.49.212.221
578,Mariejeanne,Fosten,mfosteng1@bizjournals.com,Female,230.195.209.178
579,Guthrey,Rootham,groothamg2@loc.gov,Male,22.5.111.75
580,Constantina,Bonus,cbonusg3@topsy.com,Female,225.57.77.164
581,Kris,MacFadden,kmacfaddeng4@bizjournals.com,Female,209.40.132.183
582,Alfy,Prettyman,aprettymang5@ucsd.edu,Male,41.92.172.161
583,Inglis,Pellissier,ipellissierg6@about.com,Male,54.22.242.162
584,Dov,Kochs,dkochsg7@gizmodo.com,Male,246.62.247.207
585,Fernanda,Ricca,friccag8@technorati.com,Female,135.180.146.98
586,Evanne,Gorden,egordeng9@chicagotribune.com,Female,253.124.39.241
587,Delora,Harwin,dharwinga@comsenz.com,Female,9.68.165.41
588,Frederica,Loweth,flowethgb@sohu.com,Female,137.209.70.197
589,Brock,Purse,bpursegc@posterous.com,Male,17.189.222.19
590,Codie,Spraberry,cspraberrygd@ycombinator.com,Female,189.225.191.163
591,Laure,Fieldsend,lfieldsendge@soup.io,Female,168.90.171.116
592,Ewan,Walhedd,ewalheddgf@webnode.com,Male,132.132.102.51
593,Iormina,Pietesch,ipieteschgg@sun.com,Female,202.202.235.61
594,Curt,Plaxton,cplaxtongh@g.co,Male,51.147.132.211
595,Archibold,Dellenbach,adellenbachgi@omniture.com,Male,10.164.170.170
596,Alvin,McDuffie,amcduffiegj@census.gov,Male,242.79.66.129
597,Naomi,Grummitt,ngrummittgk@ftc.gov,Female,69.163.5.133
598,Holmes,Gildea,hgildeagl@free.fr,Male,135.207.91.42
599,Louise,Stading,lstadinggm@wsj.com,Female,6.85.247.172
600,Theressa,Thomelin,tthomelingn@bloglovin.com,Female,156.253.54.148
601,Otto,Grave,ogravego@sfgate.com,Male,2.233.34.50
602,Kimble,Talboy,ktalboygp@nasa.gov,Male,6.210.161.220
603,Sauncho,Duns,sdunsgq@i2i.jp,Male,146.39.162.19
604,Paco,Foden,pfodengr@wordpress.com,Male,36.218.116.56
605,Ulrikaumeko,Bodycomb,ubodycombgs@163.com,Female,52.204.0.154
606,Cara,Bayston,cbaystongt@reuters.com,Female,232.97.22.73
607,Tades,Meininking,tmeininkinggu@walmart.com,Male,74.113.50.116
608,Gabie,McGann,gmcganngv@google.ca,Male,44.203.190.225
609,Auguste,Harnell,aharnellgw@army.mil,Female,157.109.139.112
610,Gordon,Yosselevitch,gyosselevitchgx@yelp.com,Male,86.61.76.63
611,Germain,Ferrero,gferrerogy@privacy.gov.au,Female,32.46.23.80
612,Hebert,Rocks,hrocksgz@e-recht24.de,Male,249.197.136.236
613,Marylynne,Kuhndel,mkuhndelh0@mozilla.org,Female,54.94.181.28
614,Gratiana,Callard,gcallardh1@cargocollective.com,Female,111.82.148.233
615,Tyrone,Fittall,tfittallh2@youku.com,Male,228.167.55.39
616,Marcelo,Colvie,mcolvieh3@sohu.com,Male,68.255.220.156
617,Corrinne,Lindgren,clindgrenh4@goo.gl,Female,7.51.131.238
618,Poul,Rodenburgh,prodenburghh5@skyrock.com,Male,90.107.46.43
619,Pierre,Infantino,pinfantinoh6@purevolume.com,Male,110.100.10.246
620,Sascha,MacIlhagga,smacilhaggah7@mtv.com,Male,215.67.175.55
621,Ronalda,Bartleman,rbartlemanh8@arstechnica.com,Female,244.181.138.248
622,Kelby,Swiffin,kswiffinh9@twitpic.com,Male,18.52.246.141
623,Dallon,Turvie,dturvieha@instagram.com,Male,22.197.238.224
624,Berny,Tarbatt,btarbatthb@nyu.edu,Female,218.16.45.243
625,Mariann,Fradson,mfradsonhc@php.net,Female,57.75.71.180
626,Kelsey,Giovannetti,kgiovannettihd@php.net,Male,94.233.169.206
627,Brittani,Tevlin,btevlinhe@list-manage.com,Female,64.186.81.25
628,Earvin,Hardy-Piggin,ehardypigginhf@naver.com,Male,163.19.26.55
629,Marc,Burwin,mburwinhg@wordpress.org,Male,85.202.56.232
630,Bernarr,Postians,bpostianshh@imageshack.us,Male,130.126.136.72
631,Luciano,Oger,logerhi@unblog.fr,Male,182.181.156.164
632,Tim,Bish,tbishhj@jiathis.com,Female,82.73.155.251
633,Bree,McInility,bmcinilityhk@php.net,Female,241.214.16.126
634,Iago,Di Ruggero,idiruggerohl@mlb.com,Male,49.240.25.164
635,Peg,Sofe,psofehm@soundcloud.com,Female,152.208.133.254
636,Dalton,Reder,drederhn@senate.gov,Male,67.133.182.185
637,Elizabet,Kleinplac,ekleinplacho@gnu.org,Female,46.105.38.240
638,Tadio,Aikin,taikinhp@blinklist.com,Male,106.170.80.60
639,Briny,Palleske,bpalleskehq@noaa.gov,Female,15.0.142.22
640,Anthea,Moquin,amoquinhr@shop-pro.jp,Female,113.162.214.164
641,Kelsi,Treanor,ktreanorhs@blinklist.com,Female,120.120.249.23
642,Towney,Leblanc,tleblancht@samsung.com,Male,7.42.185.140
643,Gustavus,Roddie,groddiehu@fda.gov,Male,21.108.78.196
644,Scotti,Woodage,swoodagehv@deviantart.com,Male,124.154.164.85
645,Constanta,Sharrock,csharrockhw@over-blog.com,Female,76.150.82.143
646,Gary,Amdohr,gamdohrhx@bbb.org,Male,156.53.201.10
647,Violante,LLelweln,vllelwelnhy@patch.com,Female,41.127.17.92
648,Rachael,Lapslie,rlapsliehz@fda.gov,Female,232.3.37.218
649,Charmane,Ewan,cewani0@usnews.com,Female,126.122.13.31
650,Way,Laidlaw,wlaidlawi1@squarespace.com,Male,250.152.19.199
651,Sutherlan,Stack,sstacki2@1688.com,Male,247.69.234.30
652,Cathleen,Faircley,cfaircleyi3@privacy.gov.au,Female,226.250.229.75
653,Stephanus,Tilford,stilfordi4@deviantart.com,Male,228.66.66.96
654,Mile,Cavolini,mcavolinii5@phoca.cz,Male,176.237.96.198
655,Kaitlynn,Ingerith,kingerithi6@foxnews.com,Female,70.28.55.66
656,Tommy,Etoile,tetoilei7@wikipedia.org,Female,31.0.120.142
657,Row,Mungan,rmungani8@eepurl.com,Female,124.251.137.173
658,Carlynne,Marlin,cmarlini9@moonfruit.com,Female,21.57.227.93
659,Valida,Srutton,vsruttonia@si.edu,Female,23.178.89.162
660,Dacy,Mewha,dmewhaib@friendfeed.com,Female,249.81.120.90
661,Allix,Ivanov,aivanovic@skyrock.com,Female,136.66.79.163
662,Edin,Abeles,eabelesid@uiuc.edu,Female,122.41.29.210
663,Meta,Lux,mluxie@histats.com,Female,92.28.30.147
664,Den,Cluse,dcluseif@aol.com,Male,100.67.217.90
665,Jodie,Durning,jdurningig@soup.io,Male,3.161.244.154
666,Wolf,Frude,wfrudeih@intel.com,Male,198.111.109.10
667,Bryce,Brickell,bbrickellii@seesaa.net,Male,120.83.66.82
668,Marline,Scannell,mscannellij@wordpress.com,Female,37.184.109.143
669,Gearard,Crassweller,gcrasswellerik@merriam-webster.com,Male,227.1.53.245
670,Susann,McWhirter,smcwhirteril@tumblr.com,Female,242.95.99.229
671,Michele,Elfitt,melfittim@posterous.com,Female,172.98.75.245
672,Dickie,Martins,dmartinsin@prnewswire.com,Male,178.111.207.248
673,Marguerite,Pockey,mpockeyio@yandex.ru,Female,54.73.29.155
674,Margarita,Ibanez,mibanezip@webnode.com,Female,80.75.199.148
675,Giffy,Trembley,gtrembleyiq@blogspot.com,Male,210.9.161.71
676,Hadrian,Crack,hcrackir@indiatimes.com,Male,208.189.202.204
677,Ofilia,Cadwell,ocadwellis@unesco.org,Female,128.196.176.134
678,Nester,Camel,ncamelit@comcast.net,Male,73.226.68.137
679,Leonidas,Reville,lrevilleiu@xrea.com,Male,192.214.129.147
680,Lennard,Sturdey,lsturdeyiv@msn.com,Male,252.99.234.39
681,Jennica,Skinley,jskinleyiw@nbcnews.com,Female,229.238.200.46
682,Eb,Faichney,efaichneyix@fc2.com,Male,246.150.92.115
683,Rosita,Leyband,rleybandiy@umich.edu,Female,51.134.236.186
684,Hortense,Simester,hsimesteriz@4shared.com,Female,237.242.28.71
685,Hobie,Brehaut,hbrehautj0@admin.ch,Male,191.91.191.30
686,Levon,Mirfield,lmirfieldj1@google.fr,Male,110.115.69.229
687,Hi,Poile,hpoilej2@tiny.cc,Male,222.158.55.193
688,Sara,Tennock,stennockj3@sun.com,Female,166.4.9.141
689,Zonda,Evitts,zevittsj4@histats.com,Female,149.169.172.188
690,Arch,Utting,auttingj5@webmd.com,Male,21.82.48.203
691,Rosabelle,Limon,rlimonj6@ft.com,Female,170.168.235.158
692,Arlana,Critchley,acritchleyj7@people.com.cn,Female,50.88.123.14
693,Isak,Santhouse,isanthousej8@studiopress.com,Male,8.198.169.19
694,Arin,Mufford,amuffordj9@yellowpages.com,Male,65.70.198.10
695,Druci,Jakucewicz,djakucewiczja@goo.ne.jp,Female,221.73.91.55
696,Kaile,Walling,kwallingjb@facebook.com,Female,106.203.189.177
697,Enrico,Klimp,eklimpjc@canalblog.com,Male,32.82.149.49
698,Hastie,Potticary,hpotticaryjd@epa.gov,Male,25.27.142.97
699,Ysabel,Millen,ymillenje@economist.com,Female,1.206.101.105
700,Ossie,Vasechkin,ovasechkinjf@facebook.com,Male,7.4.157.133
701,Raven,Brookhouse,rbrookhousejg@quantcast.com,Female,186.200.56.116
702,Flemming,Allott,fallottjh@taobao.com,Male,20.163.196.48
703,Worthy,Dubery,wduberyji@senate.gov,Male,60.84.208.168
704,Beth,Airdrie,bairdriejj@paginegialle.it,Female,78.30.189.1
705,Waldon,Newis,wnewisjk@example.com,Male,150.158.122.25
706,Micki,Galliford,mgallifordjl@mediafire.com,Female,111.125.179.166
707,Tobe,Matkovic,tmatkovicjm@adobe.com,Male,123.44.252.122
708,Kath,Aucock,kaucockjn@free.fr,Female,246.154.202.186
709,Sollie,Garbutt,sgarbuttjo@japanpost.jp,Male,18.185.86.208
710,Nonie,Ovenell,novenelljp@seesaa.net,Female,211.106.55.91
711,Cymbre,Tarn,ctarnjq@utexas.edu,Female,76.209.143.80
712,Griffin,Coxon,gcoxonjr@lulu.com,Male,235.171.195.83
713,Debra,Aizikovich,daizikovichjs@twitter.com,Female,30.182.157.135
714,Ariadne,Harston,aharstonjt@nhs.uk,Female,36.249.54.157
715,Hillyer,Peaurt,hpeaurtju@google.com.au,Male,242.25.134.26
716,Findlay,Grenville,fgrenvillejv@sina.com.cn,Male,115.97.73.245
717,Randall,Brinkler,rbrinklerjw@goo.ne.jp,Male,65.173.71.132
718,Emmie,Benesevich,ebenesevichjx@istockphoto.com,Female,248.112.15.238
719,Griselda,Tomisch,gtomischjy@example.com,Female,121.80.195.190
720,Mohandis,Sarginson,msarginsonjz@harvard.edu,Male,26.116.41.153
721,Hayes,Marti,hmartik0@washington.edu,Male,157.240.102.158
722,Tammy,Dorning,tdorningk1@ed.gov,Female,73.36.17.199
723,Jodie,Glowacki,jglowackik2@state.gov,Female,194.98.61.224
724,Orella,Faux,ofauxk3@walmart.com,Female,100.51.81.27
725,Clementine,Eich,ceichk4@nbcnews.com,Female,62.116.95.96
726,Renell,Bowstead,rbowsteadk5@ted.com,Female,55.78.152.142
727,Sergio,Laffoley-Lane,slaffoleylanek6@weebly.com,Male,226.46.208.141
728,Amelita,Muirhead,amuirheadk7@google.nl,Female,55.103.252.147
729,Sean,Leverington,sleveringtonk8@unblog.fr,Female,24.211.12.167
730,Bendix,Mendel,bmendelk9@webeden.co.uk,Male,93.224.187.239
731,Kerrie,Knivett,kknivettka@com.com,Female,193.255.242.236
732,Christye,Struis,cstruiskb@tinypic.com,Female,93.150.181.30
733,Marty,Figgures,mfiggureskc@noaa.gov,Male,169.19.146.248
734,Gilberte,Arnison,garnisonkd@biglobe.ne.jp,Female,196.219.170.189
735,Sharyl,Yakutin,syakutinke@timesonline.co.uk,Female,155.104.148.244
736,Jany,Ennion,jennionkf@indiegogo.com,Female,208.56.29.65
737,Shari,O'Rafferty,soraffertykg@paypal.com,Female,183.181.116.133
738,Harlen,Kerswell,hkerswellkh@dyndns.org,Male,244.142.38.173
739,Eulalie,Klimashevich,eklimashevichki@photobucket.com,Female,177.181.18.195
740,Dwayne,Puig,dpuigkj@wufoo.com,Male,239.129.187.136
741,Dorry,MacGowan,dmacgowankk@nsw.gov.au,Female,127.12.154.147
742,Benoit,McBeath,bmcbeathkl@auda.org.au,Male,50.218.131.230
743,Trumann,Sikorsky,tsikorskykm@twitpic.com,Male,108.205.64.187
744,Nell,Ginner,nginnerkn@blinklist.com,Female,118.94.238.20
745,Glori,Echlin,gechlinko@newyorker.com,Female,38.36.86.252
746,Hailey,Carbonell,hcarbonellkp@lycos.com,Male,49.2.212.212
747,Kermy,Boost,kboostkq@illinois.edu,Male,248.207.159.241
748,Ciro,Ruppelin,cruppelinkr@zimbio.com,Male,235.201.99.146
749,Pepillo,Dumingo,pdumingoks@diigo.com,Male,103.155.118.154
750,Gae,Tremolieres,gtremoliereskt@ftc.gov,Female,196.94.107.247
751,Cornelius,Dionisi,cdionisiku@mashable.com,Male,39.234.184.193
752,Caspar,Greep,cgreepkv@bravesites.com,Male,235.122.65.210
753,Frants,Mapes,fmapeskw@jalbum.net,Male,35.228.97.18
754,Burgess,Stairmand,bstairmandkx@utexas.edu,Male,217.101.135.104
755,Shawn,Sparling,ssparlingky@dot.gov,Male,180.162.120.160
756,Alika,Phant,aphantkz@phpbb.com,Female,33.130.193.243
757,Ellynn,Arnau,earnaul0@prweb.com,Female,84.71.21.106
758,Nil,Northey,nnortheyl1@tmall.com,Male,78.193.201.169
759,Gill,Skeleton,gskeletonl2@un.org,Female,199.5.38.182
760,Alayne,Berridge,aberridgel3@huffingtonpost.com,Female,195.253.93.255
761,Hewie,Lacroutz,hlacroutzl4@senate.gov,Male,127.69.135.51
762,Gussi,Measures,gmeasuresl5@oaic.gov.au,Female,88.106.208.17
763,Carmen,Slatter,cslatterl6@ifeng.com,Female,246.84.204.4
764,Bibi,Hagland,bhaglandl7@admin.ch,Female,235.161.116.143
765,Benedikt,Vicary,bvicaryl8@google.com.au,Male,53.74.96.48
766,Jean,Kobes,jkobesl9@globo.com,Female,248.81.142.223
767,Nelie,Starkings,nstarkingsla@4shared.com,Female,75.228.108.211
768,Vin,Holcroft,vholcroftlb@hp.com,Male,185.85.132.153
769,Claiborne,Ducham,cduchamlc@skyrock.com,Male,11.180.82.114
770,Fremont,Shaughnessy,fshaughnessyld@cafepress.com,Male,234.229.56.167
771,Sam,Banke,sbankele@nih.gov,Female,28.7.108.68
772,Lenee,Snalham,lsnalhamlf@earthlink.net,Female,110.119.205.172
773,Markos,Moggach,mmoggachlg@mozilla.com,Male,195.35.142.62
774,Nicky,Checchi,nchecchilh@twitpic.com,Male,246.249.147.240
775,Creight,Trayling,ctraylingli@miibeian.gov.cn,Male,249.78.212.196
776,Leonanie,Bernardin,lbernardinlj@washingtonpost.com,Female,108.18.120.35
777,Freddie,Vedeneev,fvedeneevlk@purevolume.com,Male,74.249.7.52
778,Andrew,Garrett,agarrettll@hexun.com,Male,188.47.80.55
779,Denyse,Louder,dlouderlm@intel.com,Female,176.143.209.94
780,Barbabra,Huddles,bhuddlesln@rambler.ru,Female,33.36.220.59
781,Engelbert,Stonebridge,estonebridgelo@seattletimes.com,Male,241.188.250.21
782,Agatha,Trenholme,atrenholmelp@angelfire.com,Female,133.155.234.7
783,Kalila,Egell,kegelllq@edublogs.org,Female,185.178.200.64
784,Lazaro,Raymont,lraymontlr@arizona.edu,Male,152.176.216.253
785,Flor,McPhate,fmcphatels@myspace.com,Female,91.12.235.48
786,Elmer,Souter,esouterlt@edublogs.org,Male,168.45.43.201
787,Max,Creffield,mcreffieldlu@issuu.com,Male,60.175.117.96
788,Bathsheba,Chate,bchatelv@altervista.org,Female,84.65.186.132
789,Nealy,De Caroli,ndecarolilw@dedecms.com,Male,5.7.135.164
790,Josy,Jeroch,jjerochlx@alexa.com,Female,219.73.23.165
791,Enrichetta,Purdie,epurdiely@msn.com,Female,1.72.131.122
792,Horace,Lavens,hlavenslz@godaddy.com,Male,131.212.111.173
793,Gottfried,Gordge,ggordgem0@list-manage.com,Male,124.60.237.70
794,Vernon,Satterley,vsatterleym1@yandex.ru,Male,100.54.116.190
795,Sande,Martynov,smartynovm2@macromedia.com,Female,133.184.32.251
796,Mollee,Gibbard,mgibbardm3@umn.edu,Female,233.96.83.178
797,Rosana,Hatto,rhattom4@mayoclinic.com,Female,112.33.151.188
798,Dierdre,Whitebread,dwhitebreadm5@bbb.org,Female,228.63.76.22
799,Berkie,Sherland,bsherlandm6@tuttocitta.it,Male,45.118.221.43
800,Kara-lynn,Lanon,klanonm7@mit.edu,Female,38.72.90.202
801,Orazio,Grain,ograinm8@ibm.com,Male,126.96.150.233
802,Conney,Summerson,csummersonm9@aboutads.info,Male,148.116.236.36
803,Kinnie,Haire,khairema@ebay.com,Male,217.189.165.183
804,Claudina,Cheel,ccheelmb@nature.com,Female,155.155.44.60
805,Huberto,Gittoes,hgittoesmc@blinklist.com,Male,159.25.136.78
806,Roderic,Carmo,rcarmomd@mozilla.com,Male,82.194.37.255
807,Anastassia,Fisbey,afisbeyme@cornell.edu,Female,191.78.191.213
808,Sidnee,Nurse,snursemf@nih.gov,Male,201.24.57.231
809,Ayn,Peet,apeetmg@utexas.edu,Female,76.38.103.2
810,Wini,Immins,wimminsmh@hhs.gov,Female,87.8.179.80
811,Darrell,Valens-Smith,dvalenssmithmi@mapquest.com,Male,32.52.134.229
812,Filip,McComiskey,fmccomiskeymj@patch.com,Male,158.89.108.6
813,Meier,Skally,mskallymk@quantcast.com,Male,140.165.240.103
814,Wendye,Eyckel,weyckelml@amazon.co.uk,Female,110.82.195.153
815,Fredrick,Mitchinson,fmitchinsonmm@dagondesign.com,Male,239.57.6.78
816,Hanson,Scollard,hscollardmn@mapquest.com,Male,113.205.21.169
817,Gabi,Luc,glucmo@spiegel.de,Female,117.236.97.205
818,Wilbur,Gonet,wgonetmp@latimes.com,Male,49.222.232.51
819,Layne,Clarabut,lclarabutmq@macromedia.com,Female,241.68.201.74
820,Janela,Neely,jneelymr@amazon.com,Female,33.118.136.84
821,Jeremiah,Nulty,jnultyms@google.ca,Male,82.43.89.77
822,Rickie,D'Emanuele,rdemanuelemt@cargocollective.com,Male,202.119.105.215
823,Inger,Hizir,ihizirmu@diigo.com,Female,198.63.47.212
824,Beatriz,Jacobsz,bjacobszmv@plala.or.jp,Female,222.250.161.133
825,Faydra,Vaillant,fvaillantmw@oaic.gov.au,Female,6.111.153.84
826,Netti,Lowbridge,nlowbridgemx@wired.com,Female,192.161.220.93
827,Rancell,Methuen,rmethuenmy@vistaprint.com,Male,67.158.82.154
828,Bryce,Simson,bsimsonmz@creativecommons.org,Male,202.6.92.148
829,Alexina,Burgisi,aburgisin0@yahoo.com,Female,159.58.125.52
830,Fin,Keoghan,fkeoghann1@foxnews.com,Male,165.129.83.12
831,Hart,McGlynn,hmcglynnn2@loc.gov,Male,233.30.117.210
832,Duncan,Donizeau,ddonizeaun3@cargocollective.com,Male,175.52.73.163
833,Shaun,Woofenden,swoofendenn4@1und1.de,Female,62.154.248.2
834,Ely,Roubert,eroubertn5@behance.net,Male,10.222.71.234
835,Ber,Went,bwentn6@guardian.co.uk,Male,40.25.114.78
836,Brandy,Chippindall,bchippindalln7@google.ca,Female,212.38.105.188
837,Engelbert,Berrow,eberrown8@printfriendly.com,Male,67.139.156.38
838,Shermy,Lestrange,slestrangen9@chron.com,Male,75.156.254.25
839,Caryn,Monaghan,cmonaghanna@jimdo.com,Female,198.252.116.189
840,Dorri,Dust,ddustnb@businessweek.com,Female,252.36.193.214
841,Yoshiko,Ridler,yridlernc@spotify.com,Female,32.124.243.108
842,Marthena,Heggman,mheggmannd@icq.com,Female,190.74.103.167
843,Rafaellle,Gatty,rgattyne@webnode.com,Male,46.138.16.251
844,Emeline,Berwick,eberwicknf@hatena.ne.jp,Female,150.97.97.254
845,Gunter,Keaveny,gkeavenyng@google.com.au,Male,31.14.213.187
846,Rea,Myerscough,rmyerscoughnh@slideshare.net,Female,224.238.143.7
847,Maxine,Caldayrou,mcaldayrouni@nsw.gov.au,Female,113.248.207.235
848,Tana,Essel,tesselnj@nsw.gov.au,Female,236.253.253.32
849,Thomasina,Pibworth,tpibworthnk@chronoengine.com,Female,195.158.87.224
850,Chen,Milsted,cmilstednl@zdnet.com,Male,174.246.105.61
851,Ruth,Littrik,rlittriknm@state.tx.us,Female,149.19.55.11
852,Ulrikaumeko,Gobat,ugobatnn@friendfeed.com,Female,197.101.234.151
853,Suzanne,Dossantos,sdossantosno@dot.gov,Female,28.74.72.41
854,Philis,Skydall,pskydallnp@columbia.edu,Female,128.154.18.87
855,Jay,Aubrun,jaubrunnq@businessweek.com,Male,222.158.61.92
856,Cece,Scoullar,cscoullarnr@admin.ch,Male,42.132.79.130
857,Vida,enzley,venzleyns@unesco.org,Female,118.111.97.235
858,Lynnette,Lassetter,llassetternt@theglobeandmail.com,Female,66.226.41.160
859,Renee,Highwood,rhighwoodnu@google.com.br,Female,103.67.226.76
860,Tabb,Maceur,tmaceurnv@1und1.de,Male,167.250.188.170
861,Abbey,Boxen,aboxennw@cpanel.net,Male,7.64.222.46
862,Barbette,Attoe,battoenx@yellowbook.com,Female,32.80.104.21
863,Jodie,Northbridge,jnorthbridgeny@mayoclinic.com,Female,33.186.191.196
864,Jack,Barfoot,jbarfootnz@addtoany.com,Male,19.165.172.45
865,Clarance,Phinn,cphinno0@jugem.jp,Male,119.212.98.85
866,Crissy,Imlach,cimlacho1@samsung.com,Female,37.148.135.100
867,Toni,Prichard,tprichardo2@privacy.gov.au,Female,187.196.244.56
868,Ilario,Verry,iverryo3@imageshack.us,Male,31.231.136.137
869,Walther,Matysiak,wmatysiako4@themeforest.net,Male,121.121.196.244
870,Hermann,Gillino,hgillinoo5@army.mil,Male,44.88.99.90
871,Joshia,Hatchard,jhatchardo6@ifeng.com,Male,197.87.143.237
872,Idalia,Shear,ishearo7@csmonitor.com,Female,113.154.65.24
873,Veronika,Measom,vmeasomo8@google.com.hk,Female,135.129.60.34
874,Eloisa,Seneschal,eseneschalo9@twitpic.com,Female,35.217.145.122
875,Justen,Croft,jcroftoa@drupal.org,Male,159.102.170.78
876,Brunhilda,Screen,bscreenob@globo.com,Female,127.43.255.44
877,Bobbye,Deavin,bdeavinoc@tumblr.com,Female,153.0.254.173
878,Shaylah,Obin,sobinod@howstuffworks.com,Female,167.3.56.129
879,Iorgo,Skillings,iskillingsoe@census.gov,Male,163.223.227.55
880,Cass,Crohan,ccrohanof@example.com,Female,9.161.68.162
881,Maximilien,Haking,mhakingog@scientificamerican.com,Male,60.33.72.119
882,Gerhard,Greenhalgh,ggreenhalghoh@netvibes.com,Male,42.37.176.190
883,Peria,Glennard,pglennardoi@biblegateway.com,Female,11.54.94.24
884,Allard,Durtnel,adurtneloj@senate.gov,Male,100.116.199.117
885,Nefen,Stanex,nstanexok@ed.gov,Male,77.133.127.72
886,Roxine,Naptin,rnaptinol@wisc.edu,Female,108.237.66.170
887,Jeane,Heskin,jheskinom@springer.com,Female,215.174.48.154
888,Ximenes,Keener,xkeeneron@state.gov,Male,33.1.91.13
889,Hillyer,O'Cahsedy,hocahsedyoo@reference.com,Male,107.106.108.144
890,Carce,Janeczek,cjaneczekop@dedecms.com,Male,217.168.72.158
891,Terrie,Geraldo,tgeraldooq@cdbaby.com,Female,146.112.196.5
892,Monica,Havelin,mhavelinor@is.gd,Female,110.41.219.24
893,Trever,Havik,thavikos@mashable.com,Male,245.80.222.252
894,Billie,Riddler,briddlerot@economist.com,Male,220.248.227.101
895,Imojean,Meekin,imeekinou@bloglovin.com,Female,44.178.210.245
896,Aime,Torrisi,atorrisiov@altervista.org,Female,183.117.99.220
897,Dalston,Willoway,dwillowayow@oakley.com,Male,129.82.100.108
898,Marten,Stepney,mstepneyox@google.co.jp,Male,2.48.53.6
899,Myrtia,Thickins,mthickinsoy@miibeian.gov.cn,Female,157.121.114.216
900,Claiborne,Lohrensen,clohrensenoz@auda.org.au,Male,176.36.112.135
901,Janella,Adao,jadaop0@sitemeter.com,Female,219.36.37.210
902,Calvin,Bau,cbaup1@nytimes.com,Male,178.19.190.125
903,Erna,Placide,eplacidep2@geocities.jp,Female,128.176.14.229
904,Hunfredo,Algeo,halgeop3@drupal.org,Male,98.14.222.84
905,Paton,Lind,plindp4@smugmug.com,Male,37.8.158.234
906,Rayner,Fibben,rfibbenp5@sciencedaily.com,Male,22.48.22.132
907,Sylvester,Bendin,sbendinp6@noaa.gov,Male,196.198.252.231
908,Zandra,Burdin,zburdinp7@answers.com,Female,215.179.222.3
909,Darnell,Castagne,dcastagnep8@epa.gov,Male,166.105.147.105
910,Sergei,Riddich,sriddichp9@github.io,Male,229.184.140.68
911,Dina,Wilmot,dwilmotpa@indiegogo.com,Female,113.173.225.132
912,Tom,Beamish,tbeamishpb@unblog.fr,Male,139.83.201.44
913,Correy,Macura,cmacurapc@abc.net.au,Female,193.13.24.80
914,Eldredge,Abramowitch,eabramowitchpd@google.com,Male,235.205.204.82
915,Elke,Ainsworth,eainsworthpe@networksolutions.com,Female,5.222.229.135
916,Keslie,Mannooch,kmannoochpf@google.pl,Female,224.84.6.228
917,Deina,Levett,dlevettpg@imdb.com,Female,150.233.46.105
918,Thor,Blastock,tblastockph@baidu.com,Male,226.172.155.93
919,Emmalee,Bott,ebottpi@squarespace.com,Female,147.14.59.153
920,Barry,Davidofski,bdavidofskipj@discuz.net,Male,141.86.45.244
921,Arri,Aartsen,aaartsenpk@amazon.com,Male,243.219.130.112
922,Kennett,Musla,kmuslapl@flavors.me,Male,122.87.108.116
923,Nigel,Tideswell,ntideswellpm@aboutads.info,Male,119.200.191.90
924,Avrom,Hanwell,ahanwellpn@studiopress.com,Male,178.234.160.217
925,Cesaro,Pattenden,cpattendenpo@youtu.be,Male,0.209.212.139
926,Marylin,Nutbeem,mnutbeempp@seesaa.net,Female,147.103.98.223
927,Myrwyn,Hansom,mhansompq@sitemeter.com,Male,36.66.53.127
928,Mick,Burgoin,mburgoinpr@sun.com,Male,241.54.239.29
929,Avictor,Renac,arenacps@arizona.edu,Male,117.157.59.184
930,Beaufort,Benzing,bbenzingpt@slashdot.org,Male,5.227.183.32
931,Roderich,Duffyn,rduffynpu@examiner.com,Male,51.146.119.90
932,Jilly,Mourant,jmourantpv@cmu.edu,Female,157.54.51.238
933,Alvinia,Lanon,alanonpw@indiatimes.com,Female,134.224.90.199
934,Nissa,Klemt,nklemtpx@chron.com,Female,24.26.24.252
935,Pincus,Kindle,pkindlepy@nyu.edu,Male,157.144.243.158
936,Mei,Hegge,mheggepz@github.io,Female,220.52.39.238
937,Ailyn,Pasmore,apasmoreq0@sbwire.com,Female,217.93.84.195
938,Garwin,L'oiseau,gloiseauq1@canalblog.com,Male,113.77.155.73
939,Gaelan,Copsey,gcopseyq2@dell.com,Male,98.85.122.63
940,Rhys,Yerbury,ryerburyq3@dagondesign.com,Male,213.59.246.61
941,Dionisio,Westfalen,dwestfalenq4@ibm.com,Male,142.205.192.96
942,Reece,Pavey,rpaveyq5@miitbeian.gov.cn,Male,113.17.216.10
943,Marion,Antonioni,mantonioniq6@over-blog.com,Male,86.57.160.213
944,Florentia,Passo,fpassoq7@163.com,Female,243.95.116.180
945,Eleonore,Kedward,ekedwardq8@t.co,Female,162.196.216.248
946,Adora,Sibyllina,asibyllinaq9@discovery.com,Female,39.182.197.89
947,Leicester,Halwell,lhalwellqa@oracle.com,Male,143.112.107.214
948,Ody,Ronaghan,oronaghanqb@slate.com,Male,105.239.41.183
949,Brandie,Killeley,bkilleleyqc@drupal.org,Female,113.197.167.51
950,Kaiser,Bottleson,kbottlesonqd@angelfire.com,Male,239.156.21.40
951,Rancell,Gibby,rgibbyqe@behance.net,Male,18.54.133.28
952,Reinwald,Tweedie,rtweedieqf@e-recht24.de,Male,1.187.50.171
953,Maribel,Haygreen,mhaygreenqg@wix.com,Female,69.110.9.152
954,Merissa,O'Neal,monealqh@cbslocal.com,Female,186.104.105.154
955,Flora,Gamble,fgambleqi@pbs.org,Female,68.226.162.92
956,Georges,Griffe,ggriffeqj@paginegialle.it,Male,55.59.53.162
957,Noel,Riseley,nriseleyqk@so-net.ne.jp,Female,104.246.188.159
958,Wrennie,Kobpac,wkobpacql@scribd.com,Female,31.70.225.69
959,Lindsey,Danter,ldanterqm@soundcloud.com,Male,169.58.14.204
960,Marvin,Sothcott,msothcottqn@howstuffworks.com,Male,189.240.85.181
961,Randi,Troup,rtroupqo@istockphoto.com,Female,113.213.0.160
962,Shepard,Pickthorn,spickthornqp@g.co,Male,202.34.235.93
963,Eward,Ferrara,eferraraqq@forbes.com,Male,42.254.158.96
964,Amelie,Feather,afeatherqr@ebay.com,Female,99.155.97.200
965,Inessa,Duinkerk,iduinkerkqs@paypal.com,Female,131.155.193.64
966,Michaelina,Yanuk,myanukqt@canalblog.com,Female,8.238.42.248
967,Thaxter,Yitzowitz,tyitzowitzqu@hexun.com,Male,204.129.141.236
968,Kean,Shortcliffe,kshortcliffeqv@theglobeandmail.com,Male,83.31.99.5
969,Filmer,Couchman,fcouchmanqw@springer.com,Male,213.208.141.74
970,Lalo,Pirolini,lpiroliniqx@reference.com,Male,124.155.81.120
971,Werner,Schust,wschustqy@fda.gov,Male,70.43.39.179
972,Alexander,Retallick,aretallickqz@who.int,Male,90.174.75.98
973,Jean,Liptrot,jliptrotr0@cnet.com,Male,2.101.118.207
974,Jodi,Antognoni,jantognonir1@list-manage.com,Male,101.50.222.62
975,Jennette,Lynds,jlyndsr2@alexa.com,Female,175.94.75.195
976,Itch,Moyes,imoyesr3@chron.com,Male,125.236.229.72
977,Carey,Reitenbach,creitenbachr4@qq.com,Male,58.130.70.26
978,Orly,Atcock,oatcockr5@amazon.co.jp,Female,133.145.131.120
979,Waiter,Prynne,wprynner6@ustream.tv,Male,209.149.41.227
980,Vivianne,Yurchenko,vyurchenkor7@nature.com,Female,97.86.71.13
981,Joell,Keen,jkeenr8@unesco.org,Female,14.39.196.158
982,Thaxter,De Ortega,tdeortegar9@etsy.com,Male,97.80.104.12
983,Beverley,Chislett,bchislettra@google.com.hk,Female,56.4.179.234
984,Hazlett,Petford,hpetfordrb@marketwatch.com,Male,164.189.218.50
985,Michal,Gissing,mgissingrc@mlb.com,Female,35.119.217.144
986,Patton,Monksfield,pmonksfieldrd@indiatimes.com,Male,159.136.89.51
987,Pierre,Heales,phealesre@cbslocal.com,Male,117.245.208.74
988,Prudy,Emeney,pemeneyrf@joomla.org,Female,196.163.218.108
989,Christy,Palomba,cpalombarg@google.co.uk,Female,24.95.80.47
990,Cherida,Driffill,cdriffillrh@uiuc.edu,Female,206.1.148.166
991,Munmro,Lincey,mlinceyri@sourceforge.net,Male,254.75.53.8
992,Barnabe,Halewood,bhalewoodrj@wix.com,Male,113.206.180.236
993,Marie-jeanne,Burge,mburgerk@dot.gov,Female,34.49.70.248
994,Janela,Casaroli,jcasarolirl@youtube.com,Female,25.122.9.180
995,Oby,Goodinge,ogoodingerm@a8.net,Male,203.195.30.26
996,Diarmid,Vellacott,dvellacottrn@dropbox.com,Male,201.97.250.232
997,Stavro,Jamary,sjamaryro@ihg.com,Male,22.198.129.240
998,Germaine,Andreutti,gandreuttirp@chicagotribune.com,Male,249.28.58.27
999,Henderson,Meddemmen,hmeddemmenrq@unesco.org,Male,123.164.220.163
1000,Siouxie,Tesdale,stesdalerr@sun.com,Female,218.70.19.252
